2022-05-06 08:57:13.402898: usd/jpy, 0, 1
2022-05-06 09:07:14.705494: usd/chf, 1
2022-05-06 09:14:12.667468: usd/jpy, 0, 1
2022-05-06 09:28:13.889597: aud/usd, 1
2022-05-06 09:37:12.617924: eur/gbp, 1
2022-05-06 09:47:11.908340: gbp/usd, 0, 0



2022-05-06 09:59:12.438009: eur/gbp, 0, 2022-05-06 10:07:07.647200: eur/gbp, 0
2022-05-06 10:12:24.522286: usd/chf, 0, 0
2022-05-06 10:20:13.092238: eur/usd, 0, 1
0, 0
2022-05-06 10:42:12.088543: gbp/usd, 1
2022-05-06 10:50:17.264222: usd/jpy, 0, 1
2022-05-06 11:04:16.228287: eur/usd, 1
2022-05-06 11:12:13.961203: eur/usd, 1
2022-05-06 11:23:14.152708: eur/usd, 0, 0
2022-05-06 11:35:15.063068: eur/usd, 1
2022-05-06 11:42:12.185932: eur/usd, 0, 1
2022-05-06 11:52:12.888419: usd/jpy, 1
2022-05-06 11:58:15.741889: eur/usd, 0, 0
2022-05-06 12:08:14.921489: usd/chf, 1
2022-05-06 12:15:13.874849: eur/gbp, 0, 0
2022-05-06 12:27:14.309585: eur/usd, 1
2022-05-06 12:36:14.123998: eur/usd, 0, 1
2022-05-06 12:46:12.203352: eur/usd, 1
2022-05-06 12:53:15.848113: usd/chf, 1
2022-05-06 13:02:12.238037: usd/chf, 1
2022-05-06 13:13:15.988724: usd/jpy, 0, 1
2022-05-06 13:24:13.163400: aud/usd, 0, 0
2022-05-06 13:34:13.730506: aud/usd, 1
2022-05-06 13:45:13.928386: usd/chf, 1
2022-05-06 13:53:14.180951: aud/usd, 1
2022-05-06 14:02:12.771933: aud/usd, 1
2022-05-06 14:09:13.765240: usd/jpy, 0, 1
2022-05-06 14:18:13.881655: aud/usd, 1
2022-05-06 14:24:13.116170: aud/usd,  
2022-05-06 14:33:13.114226: usd/jpy, 1
2022-05-06 14:41:13.928663: usd/jpy, 0, 0
2022-05-06 14:50:16.668179: usd/jpy, 0, 0
2022-05-06 15:00:13.024167: usd/jpy, 1
2022-05-06 15:11:12.026742: usd/chf, 0, 1
2022-05-06 15:23:12.820818: aud/usd, 0, 0
2022-05-06 15:36:16.091271: eur/usd, 0, 0
2022-05-06 15:46:19.814469: gbp/usd, 1
2022-05-06 15:52:13.837641: gbp/usd, 0, 0
2022-05-06 16:04:11.636976: usd/chf, 1
2022-05-06 16:12:13.694476: usd/chf, 0, 1
2022-05-06 16:24:13.640718: usd/jpy, 0, 1
2022-05-06 16:34:13.740983: gbp/usd, 2022-05-06 17:39:06.385050: eur/gbp, 2022-05-06 18:23:02.461679: eur/usd, 2022-05-06 18:32:12.707865: usd/chf, 2022-05-06 19:06:12.569430: usd/chf, 2022-05-06 20:37:08.100418: usd/chf, 2022-05-06 20:51:48.202610: usd/chf, 2022-05-06 20:59:15.136776: usd/chf, 2022-05-06 21:07:14.613638: usd/chf, 2022-05-06 21:14:12.727832: usd/chf, 2022-05-06 21:25:22.388103: usd/chf, 2022-05-06 21:29:51.631535: usd/chf, 2022-05-06 21:33:13.049939: usd/chf, 2022-05-06 21:40:12.398999: usd/chf, 2022-05-06 21:47:11.820074: usd/chf, 2022-05-06 21:51:30.987565: usd/chf, 2022-05-06 21:53:14.516781: usd/chf, 2022-05-06 22:03:42.156380: eur/usd, 2022-05-06 22:06:46.499885: usd/chf, 2022-05-06 22:11:11.449633: usd/chf, 2022-05-06 22:12:54.732951: eur/usd, 2022-05-06 22:16:36.583774: usd/chf,  
2022-05-07 06:26:04.381233: nzd/usd, 2022-05-07 06:28:13.626290: nzd/usd,  
2022-05-07 06:31:55.426110: nzd/usd, 2022-05-07 06:33:04.122464: usd/jpy, 2022-05-07 06:34:33.762566: usd/jpy,  
2022-05-07 06:40:03.292441: eur/usd,  
2022-05-07 06:45:16.184948: aud/usd, 2022-05-07 06:45:27.110890: aud/usd, 2022-05-07 06:45:38.260147: aud/usd, 2022-05-07 06:48:03.226980: aud/usd, 2022-05-07 06:50:22.343339: aud/usd,  
2022-05-07 06:53:43.419074: usd/chf, 2022-05-07 06:55:07.920121: aud/usd, 2022-05-07 06:56:02.614261: usd/jpy,  
 
2022-05-07 07:05:20.861834: usd/jpy,  
2022-05-07 07:09:47.331348: usd/jpy, 2022-05-07 07:11:04.584341: nzd/usd, 2022-05-07 07:22:04.275220: aud/usd,  
2022-05-07 07:27:02.340110: eur/usd, 2022-05-07 07:37:02.979310: usd/jpy,  
2022-05-07 07:42:32.860020: eur/usd, 2022-05-07 07:43:02.565373: nzd/usd, 2022-05-07 07:57:55.708834: usd/chf,  
2022-05-07 08:02:02.637700: usd/chf,  
2022-05-07 08:10:04.496756: nzd/usd,  
2022-05-07 08:19:02.556800: nzd/usd,  
2022-05-07 08:28:02.602824: eur/gbp,  
2022-05-07 08:36:04.047089: eur/gbp,  
2022-05-07 08:43:02.416726: usd/chf,  
2022-05-07 08:54:08.264497: eur/gbp,  
2022-05-07 09:01:02.603976: nzd/usd,  
2022-05-07 09:12:02.786386: eur/usd,  
2022-05-07 09:16:40.610214: eur/usd,  
2022-05-07 09:20:02.712170: nzd/usd,  
2022-05-07 09:27:03.001058: aud/usd,  
2022-05-07 09:35:02.630391: eur/usd,  
2022-05-07 09:42:04.368438: nzd/usd,  
2022-05-07 09:50:03.569054: usd/jpy,  
2022-05-07 09:57:02.739642: nzd/usd,  
2022-05-07 10:04:03.676821: usd/jpy,  
2022-05-07 10:15:03.212879: usd/jpy,  
2022-05-07 10:22:03.799722: usd/jpy,  
2022-05-07 10:30:02.537413: nzd/usd,  
2022-05-07 10:40:01.758112: eur/usd,  
2022-05-07 10:46:02.248049: usd/jpy,  
2022-05-07 10:53:02.297861: usd/chf,  
2022-05-07 11:03:03.463917: usd/chf,  
2022-05-07 11:10:03.107140: aud/usd,  
2022-05-07 11:16:02.646259: aud/usd,  
2022-05-07 11:23:02.817196: usd/jpy,  
2022-05-07 11:34:02.980045: aud/usd,  
2022-05-07 11:44:02.999669: usd/jpy,  
2022-05-07 11:50:04.013284: usd/jpy,  
2022-05-07 12:00:02.926186: usd/chf,  
2022-05-07 12:09:03.220874: eur/usd,  
2022-05-07 12:18:03.695138: usd/jpy,  
2022-05-07 12:24:02.924398: aud/usd,  
2022-05-07 12:31:02.578309: nzd/usd,  
2022-05-07 12:42:03.260875: eur/gbp,  
2022-05-07 12:50:03.467126: eur/gbp,  
2022-05-07 12:59:03.343768: aud/usd,  
2022-05-07 13:07:03.882565: nzd/usd,  
2022-05-07 13:15:02.980117: eur/usd,  
2022-05-07 13:21:03.247926: usd/chf,  
2022-05-07 13:28:02.852956: nzd/usd,  
2022-05-07 13:38:02.584360: eur/usd,  
2022-05-07 13:47:05.456847: usd/chf,  
2022-05-07 13:54:03.220823: nzd/usd,  
2022-05-07 14:05:03.025528: usd/chf,  
2022-05-07 14:12:02.728438: usd/jpy,  
2022-05-07 14:19:04.766112: usd/jpy,  
2022-05-07 14:25:02.317101: eur/usd,  
2022-05-07 14:31:05.609641: aud/usd,  
2022-05-07 14:37:02.221152: eur/gbp,  
2022-05-07 14:46:03.250606: nzd/usd,  
2022-05-07 14:57:05.075628: nzd/usd,  
2022-05-07 15:08:02.111149: usd/jpy,  
2022-05-07 15:14:02.812256: usd/chf,  
2022-05-07 15:23:02.677629: usd/jpy,  
2022-05-07 15:31:01.646958: nzd/usd,  
2022-05-07 15:38:02.504258: nzd/usd,  
2022-05-07 15:49:02.955045: nzd/usd,  
2022-05-07 15:56:02.907007: nzd/usd,  
2022-05-07 16:02:02.879453: usd/jpy,  
2022-05-07 16:09:02.792142: usd/chf,  
2022-05-07 16:18:02.249144: usd/chf,  
2022-05-07 16:27:02.456410: eur/gbp,  
2022-05-07 16:38:02.270871: nzd/usd,  
2022-05-07 16:49:02.205271: nzd/usd,  
2022-05-07 16:56:03.395790: nzd/usd,  
2022-05-07 17:05:03.689092: usd/chf,  
2022-05-07 17:16:02.351652: eur/gbp,  
2022-05-07 17:24:04.959145: nzd/usd,  
2022-05-07 17:30:03.208542: nzd/usd,  
 
2022-05-07 17:48:02.053065: eur/gbp,  
2022-05-07 17:55:03.616359: nzd/usd,  
2022-05-07 18:02:03.914318: usd/jpy,  
2022-05-07 18:13:04.429806: usd/chf,  
2022-05-07 18:24:02.614503: eur/gbp,  
2022-05-07 18:35:05.092455: nzd/usd,  
 
 
2022-05-07 23:51:39.294265: eur/gbp, 2022-05-07 23:58:18.294266: usd/jpy, 2022-05-07 23:59:01.798071: aud/usd,  
2022-05-08 00:06:03.234626: usd/chf,  
2022-05-08 00:13:02.378327: eur/usd,  
2022-05-08 00:21:02.041549: eur/gbp,  
2022-05-08 00:29:03.651269: eur/gbp,  
2022-05-08 00:37:01.921717: eur/gbp,  
2022-05-08 00:44:02.562980: usd/chf,  
2022-05-08 00:51:02.187247: eur/usd,  
2022-05-08 00:58:02.081301: eur/usd,  
2022-05-08 01:06:03.271196: nzd/usd,  
2022-05-08 01:15:03.613387: eur/gbp, 2022-05-08 01:21:01.722788: usd/jpy, 2022-05-08 01:28:03.841082: aud/usd,  
2022-05-08 01:37:03.365964: aud/usd,  
2022-05-08 01:47:22.373363: usd/chf, 2022-05-08 01:51:04.247300: eur/gbp,  
2022-05-08 01:59:03.336533: eur/usd,  
2022-05-08 02:10:03.339357: eur/usd,  
2022-05-08 02:19:02.530563: eur/gbp,  
2022-05-08 02:28:02.879199: nzd/usd, 2022-05-08 02:43:54.832658: aud/usd,  
2022-05-08 02:47:21.368709: usd/chf, 2022-05-08 02:49:02.895678: nzd/usd, 2022-05-08 02:57:42.607016: usd/jpy,  
 
2022-05-08 03:03:57.447717: nzd/usd, 2022-05-08 03:05:06.174163: usd/jpy,  
2022-05-08 03:13:05.807911: usd/jpy,  
2022-05-08 03:21:07.102985: usd/jpy,  
2022-05-08 03:28:03.211183: nzd/usd,  
2022-05-08 03:39:05.442971: usd/jpy,  
2022-05-08 03:46:03.761117: usd/chf,  
2022-05-08 03:56:05.401188: eur/usd,  
2022-05-08 04:04:03.136751: usd/jpy,  
2022-05-08 04:14:02.978593: aud/usd,  
2022-05-08 04:24:02.948975: usd/chf,  
2022-05-08 04:35:04.865869: nzd/usd,  
2022-05-08 04:41:03.669271: usd/chf,  
2022-05-08 04:50:03.379426: aud/usd,  
2022-05-08 04:59:03.033446: usd/jpy,  
2022-05-08 05:10:03.749571: eur/usd,  
2022-05-08 05:18:04.811392: nzd/usd,  
2022-05-08 05:24:03.250268: eur/usd,  
2022-05-08 05:32:03.141995: usd/jpy,  
2022-05-08 05:42:04.148214: usd/jpy,  
2022-05-08 05:51:02.990398: nzd/usd,  
2022-05-08 06:00:03.320630: eur/gbp,  
2022-05-08 06:09:02.727257: usd/jpy,  
2022-05-08 06:18:03.639356: usd/jpy,  
2022-05-08 06:29:03.263357: nzd/usd,  
2022-05-08 06:40:03.192318: usd/chf,  
2022-05-08 06:50:03.156138: usd/chf,  
2022-05-08 07:00:04.473177: usd/chf,  
2022-05-08 07:06:03.637876: eur/usd,  
2022-05-08 07:13:03.272673: usd/jpy, 2022-05-08 07:47:01.744683: usd/chf,  
2022-05-08 07:53:02.409835: usd/jpy, 2022-05-08 08:19:03.441373: usd/jpy,  
2022-05-08 08:26:02.440003: aud/usd,  
2022-05-08 08:33:02.383418: eur/usd,  
2022-05-08 08:44:02.051075: nzd/usd,  
2022-05-08 08:53:01.950329: usd/chf,  
2022-05-08 09:00:02.545642: eur/gbp,  
2022-05-08 09:08:02.149071: eur/gbp,  
2022-05-08 09:18:02.182671: eur/usd, 2022-05-08 09:23:53.826156: eur/gbp, 2022-05-08 09:26:02.611706: eur/usd,  
2022-05-08 09:36:01.995511: usd/jpy,  
2022-05-08 09:43:01.697781: eur/gbp,  
2022-05-08 09:53:00.190690: eur/gbp, 2022-05-08 09:54:41.113386: eur/usd,  
2022-05-08 10:01:02.503312: nzd/usd, 2022-05-08 10:07:02.110610: eur/usd, 2022-05-08 10:13:02.065750: eur/gbp,  
2022-05-08 10:23:03.109574: eur/usd,  
2022-05-08 10:33:02.079223: nzd/usd, 2022-05-08 10:41:00.938695: eur/usd, 2022-05-08 10:47:03.390752: nzd/usd, 2022-05-08 10:54:03.132780: usd/chf, 2022-05-08 11:02:02.616535: nzd/usd,  
2022-05-08 11:12:05.378231: usd/chf, 2022-05-08 11:18:01.883136: aud/usd,  
2022-05-08 11:27:02.427778: eur/usd,  
2022-05-08 11:37:03.646969: aud/usd,  
2022-05-08 11:50:29.517643: eur/gbp, 2022-05-08 11:53:01.883764: usd/jpy,  
2022-05-08 12:00:01.912816: eur/gbp,  
2022-05-08 12:06:01.644004: nzd/usd,  
2022-05-08 12:12:02.665454: nzd/usd,  
2022-05-08 12:21:03.921320: usd/chf,  
2022-05-08 12:32:02.147768: usd/jpy,  
2022-05-08 12:42:01.982694: aud/usd,  
2022-05-08 12:51:01.937360: aud/usd,  
2022-05-08 12:58:02.664829: usd/chf,  
2022-05-08 13:06:03.624304: usd/jpy,  
2022-05-08 13:13:01.782951: usd/jpy,  
2022-05-08 13:22:01.782868: eur/gbp,  
2022-05-08 13:29:02.353369: eur/gbp,  
2022-05-08 13:40:03.497449: usd/jpy,  
2022-05-08 13:48:01.842842: aud/usd,  
2022-05-08 13:55:02.133666: usd/chf,  
2022-05-08 14:06:02.021124: nzd/usd,  
2022-05-08 14:16:01.433212: eur/usd,  
2022-05-08 14:24:02.238326: usd/jpy,  
2022-05-08 14:33:01.662901: eur/gbp,  
2022-05-08 14:43:01.779643: nzd/usd,  
2022-05-08 14:50:04.475600: usd/jpy,  
2022-05-08 14:56:01.813868: eur/usd,  
2022-05-08 15:03:02.015752: nzd/usd,  
2022-05-08 15:10:01.921371: eur/usd,  
2022-05-08 15:17:01.450724: nzd/usd,  
2022-05-08 15:28:02.113548: aud/usd,  
2022-05-08 15:35:02.213863: aud/usd,  
2022-05-08 15:44:01.192966: eur/usd,  
2022-05-08 15:52:02.891480: nzd/usd,  
2022-05-08 16:00:02.798068: aud/usd,  
2022-05-08 16:07:02.369086: usd/chf,  
2022-05-08 16:15:01.975800: usd/chf,  
2022-05-08 16:24:02.637035: eur/gbp,  
2022-05-08 16:34:02.025946: aud/usd,  
2022-05-08 16:44:01.960608: eur/usd,  
2022-05-08 16:53:02.199451: nzd/usd,  
2022-05-08 17:04:02.108361: eur/gbp,  
2022-05-08 17:10:02.186399: aud/usd,  
2022-05-08 17:17:01.963647: aud/usd,  
2022-05-08 17:24:01.691832: eur/usd,  
2022-05-08 17:33:02.599507: usd/chf,  
2022-05-08 17:43:02.266616: eur/usd,  
1
2022-05-08 21:01:13.003093: gbp/usd, 0
2022-05-08 21:14:13.181019: aud/usd, 0
2022-05-08 21:24:13.028471: usd/chf, 1
2022-05-08 21:33:14.707317: eur/usd, 1
2022-05-08 21:43:15.292335: usd/jpy, 2022-05-08 21:50:13.674334: gbp/usd, 2022-05-08 21:58:12.912945: gbp/usd, 2022-05-08 22:07:14.293617: usd/jpy, 1
2022-05-08 22:20:15.213139: aud/usd, 2022-05-08 22:30:17.783993: gbp/usd, 2022-05-08 22:38:13.475362: gbp/usd, 2022-05-08 23:08:48.309136: gbp/usd, 2022-05-08 23:09:13.228114: usd/chf, 2022-05-08 23:13:10.686806: usd/chf, 2022-05-08 23:17:13.594070: eur/usd, 0, 2022-05-08 23:33:55.259956: usd/jpy, 0
2022-05-08 23:38:11.286277: usd/chf, 2022-05-08 23:39:13.392823: aud/usd, 2022-05-08 23:41:15.170632: usd/chf, 2022-05-08 23:45:12.677652: eur/usd, 2022-05-08 23:48:47.531768: eur/usd, 2022-05-08 23:56:16.898736: aud/usd, 2022-05-09 00:07:14.189287: aud/usd, 2022-05-09 00:17:15.053656: aud/usd, 0, 1
2022-05-09 00:30:14.845836: aud/usd, 2022-05-09 00:39:14.244378: eur/gbp, 0, 1
2022-05-09 00:51:11.623335: eur/gbp, 2022-05-09 00:59:11.681586: gbp/usd, 2022-05-09 01:07:18.614843: usd/chf, 2022-05-09 01:14:12.753715: aud/usd, 2022-05-09 01:24:15.955028: usd/jpy, 2022-05-09 01:35:14.391609: gbp/usd, 0, 0
2022-05-09 01:44:15.628044: aud/usd, 2022-05-09 01:55:23.397557: gbp/usd, 2022-05-09 02:03:15.397627: aud/usd, 2022-05-09 02:11:15.023412: usd/chf, 0, 1
2022-05-09 02:21:16.494849: gbp/usd, 2022-05-09 02:32:15.857095: gbp/usd, 2022-05-09 02:39:14.810216: usd/chf, 2022-05-09 02:47:14.665079: usd/chf, 0, 1
2022-05-09 02:56:15.988816: usd/chf, 2022-05-09 03:03:13.551912: eur/gbp, 0, 1
2022-05-09 03:16:14.213750: usd/jpy, 0, 1
2022-05-09 03:26:14.909866: aud/usd, 2022-05-09 03:37:14.067892: usd/jpy, 0, 1
2022-05-09 03:47:15.538553: usd/chf, 0, 1
2022-05-09 03:56:15.110442: usd/jpy, 0, 0
2022-05-09 04:08:14.569442: gbp/usd, 0, 0
2022-05-09 04:19:14.921328: usd/chf, 2022-05-09 04:26:17.180530: aud/usd, 0, 0
2022-05-09 04:35:16.863696: aud/usd, 2022-05-09 04:45:15.104100: eur/usd, 2022-05-09 04:52:14.241096: eur/usd, 0, 1
2022-05-09 05:04:14.121001: gbp/usd, 0, 0
2022-05-13 18:22:41.307729: usd/chf, 2022-05-13 18:23:02.675330: usd/jpy,  
2022-05-13 18:32:03.416202: eur/usd,  
2022-05-13 18:40:03.786349: usd/jpy,  
2022-05-13 18:48:02.211628: aud/usd,  
2022-05-13 18:56:07.720448: usd/jpy,  
2022-05-13 19:03:03.991134: aud/usd, 2022-05-13 19:12:03.408550: usd/chf,  
2022-05-13 19:23:04.707378: aud/usd,  
2022-05-13 19:29:03.714300: usd/jpy,  
2022-05-13 19:38:03.921568: aud/usd,  
2022-05-13 19:46:03.173899: usd/chf,  
2022-05-13 19:54:02.522948: usd/chf,  
2022-05-13 20:04:03.811937: eur/gbp,  
2022-05-13 20:13:02.830608: usd/chf,  
2022-05-13 20:20:03.247332: usd/jpy,  
2022-05-13 20:31:02.177573: eur/gbp,  
2022-05-13 20:38:03.558365: usd/chf,  
2022-05-13 20:47:02.738488: eur/usd,  
2022-05-13 20:56:01.475125: nzd/usd,  
2022-05-13 21:05:38.109802: aud/usd, 2022-05-13 21:06:03.044197: usd/chf,  
2022-05-13 21:15:23.563358: nzd/usd, 2022-05-13 21:16:02.743982: eur/gbp,  
2022-05-13 21:24:02.303915: eur/usd,  
2022-05-13 21:33:02.880420: eur/gbp,  
2022-05-13 21:43:31.557022: eur/usd, 2022-05-13 21:44:59.798883: eur/usd, 2022-05-13 21:52:03.126361: aud/usd, 2022-05-13 22:09:40.287835: usd/chf, 2022-05-13 22:12:02.694973: eur/gbp, 2022-05-13 22:20:32.687540: aud/usd, 2022-05-13 22:20:52.806731: aud/usd, 2022-05-13 22:27:02.063701: eur/gbp, 2022-05-13 22:32:32.364682: eur/gbp, 2022-05-13 22:34:03.515717: eur/gbp, 2022-05-13 22:36:06.283454: eur/gbp, 2022-05-13 22:36:45.155065: eur/gbp, 2022-05-13 22:43:02.499638: usd/chf, 2022-05-13 22:51:05.909590: usd/jpy, 2022-05-13 22:59:02.701012: nzd/usd, 2022-05-13 23:05:03.891563: usd/chf, 2022-05-13 23:16:02.638192: usd/chf, 2022-05-13 23:27:02.718409: eur/gbp, 2022-05-13 23:34:03.073204: eur/gbp, 2022-05-13 23:41:03.025637: eur/gbp, 2022-05-13 23:50:03.929042: eur/gbp, 2022-05-13 23:59:02.570896: eur/usd, 2022-05-14 00:06:03.029162: usd/chf, 2022-05-14 00:17:02.949139: usd/jpy, 2022-05-14 00:28:02.387384: usd/chf, 2022-05-14 00:38:03.042458: eur/usd, 2022-05-14 00:49:01.648074: aud/usd, 2022-05-14 00:58:03.506558: eur/usd, 2022-05-14 01:04:03.427367: usd/jpy, 2022-05-14 01:13:02.728362: usd/jpy, 2022-05-14 01:22:02.350121: aud/usd, 2022-05-14 01:29:02.500250: eur/gbp, 2022-05-14 01:35:04.404077: usd/jpy, 2022-05-14 01:41:02.784993: nzd/usd, 2022-05-14 01:49:01.956597: usd/jpy, 2022-05-14 01:58:02.355718: eur/usd, 2022-05-14 02:05:02.599512: eur/usd, 2022-05-14 02:12:01.636495: usd/jpy, 2022-05-14 02:21:04.167523: usd/jpy, 2022-05-14 02:28:02.811079: usd/chf, 2022-05-14 02:36:02.853845: eur/usd, 2022-05-14 02:45:02.965161: eur/gbp, 2022-05-14 02:51:01.514549: eur/usd, 2022-05-14 02:57:03.268546: aud/usd, 2022-05-14 03:06:02.538393: usd/chf, 2022-05-14 03:15:04.662483: eur/usd, 2022-05-14 03:22:02.510336: eur/usd, 2022-05-14 03:28:02.455332: aud/usd, 2022-05-14 03:34:02.502395: aud/usd, 2022-05-14 03:42:03.253787: eur/usd, 2022-05-14 03:49:02.836845: eur/usd, 2022-05-14 03:59:02.967045: eur/usd, 2022-05-14 04:05:03.115933: eur/usd, 2022-05-14 04:11:05.944187: eur/usd, 2022-05-14 04:21:02.420599: aud/usd, 2022-05-14 04:29:03.352437: eur/usd, 2022-05-14 04:38:02.842995: eur/usd, 2022-05-14 04:48:02.888413: usd/chf, 2022-05-14 04:59:03.318780: eur/gbp, 2022-05-14 05:06:02.796710: usd/chf, 2022-05-14 05:12:02.599442: nzd/usd, 2022-05-14 05:19:05.257727: nzd/usd, 2022-05-14 05:26:03.472756: eur/usd, 2022-05-14 05:41:03.851427: nzd/usd, 2022-05-14 05:48:02.264846: aud/usd, 2022-05-14 06:07:05.772030: usd/jpy, 2022-05-14 06:14:03.755429: usd/jpy, 2022-05-14 06:18:31.455311: usd/jpy, 2022-05-14 06:21:02.635360: eur/usd, 2022-05-14 06:32:03.312857: nzd/usd, 2022-05-14 06:39:03.293543: eur/gbp, 2022-05-14 06:40:23.760243: eur/gbp, 2022-05-14 07:17:02.533623: eur/usd, 2022-05-14 07:26:02.845035: usd/jpy, 2022-05-14 07:33:02.824099: eur/gbp, 2022-05-14 07:41:03.669456: eur/gbp, 2022-05-14 07:51:02.913808: nzd/usd, 2022-05-14 07:58:02.888810: aud/usd, 2022-05-14 08:07:01.447088: eur/usd, 2022-05-14 08:13:02.560920: nzd/usd, 2022-05-14 08:22:02.535672: aud/usd, 2022-05-14 08:32:02.263484: eur/usd, 2022-05-14 08:41:03.783865: aud/usd, 2022-05-14 08:48:02.109149: eur/gbp, 2022-05-14 08:57:02.183394: usd/jpy, 2022-05-14 09:04:02.234052: nzd/usd, 2022-05-14 09:15:02.121964: eur/usd, 2022-05-14 09:22:03.263919: aud/usd, 2022-05-14 09:30:08.422949: eur/gbp, 2022-05-14 09:41:04.420605: eur/usd, 2022-05-14 09:47:03.140580: usd/chf, 2022-05-14 09:57:02.029248: usd/chf, 2022-05-14 10:04:02.243657: eur/gbp, 2022-05-14 10:13:02.316190: eur/gbp, 2022-05-14 10:20:02.326786: aud/usd, 2022-05-14 10:28:01.933322: eur/usd, 2022-05-14 10:36:02.371946: eur/usd, 2022-05-14 10:43:04.045701: usd/jpy, 2022-05-14 10:52:02.918940: aud/usd, 2022-05-14 11:02:07.194985: usd/jpy, 2022-05-14 11:08:03.403311: usd/chf, 2022-05-14 11:16:03.401938: eur/gbp, 2022-05-14 11:27:03.925561: aud/usd, 2022-05-14 11:34:02.368713: aud/usd, 2022-05-14 11:45:05.300886: eur/gbp, 2022-05-14 12:12:02.631452: eur/usd, 2022-05-14 12:18:04.695484: eur/usd, 2022-05-14 12:26:07.115316: usd/jpy, 2022-05-14 12:35:02.156731: nzd/usd, 2022-05-14 12:45:02.820935: aud/usd, 2022-05-14 12:51:04.401033: usd/chf, 2022-05-14 13:00:03.437998: eur/gbp, 2022-05-14 13:09:02.252861: nzd/usd, 2022-05-14 13:17:02.794971: usd/jpy, 2022-05-14 13:28:03.441338: usd/jpy, 2022-05-14 13:34:02.607046: usd/jpy, 2022-05-14 13:43:02.167891: eur/gbp, 2022-05-14 13:51:02.593312: usd/jpy, 2022-05-14 14:00:03.502640: usd/chf, 2022-05-14 14:08:07.755848: nzd/usd, 2022-05-14 14:14:02.583981: usd/chf, 2022-05-14 14:20:02.478502: aud/usd, 2022-05-14 14:26:01.771079: eur/gbp, 2022-05-14 14:32:02.886522: usd/jpy, 2022-05-14 14:38:02.180285: usd/jpy, 2022-05-14 14:47:02.160465: eur/gbp, 2022-05-14 14:56:01.587920: usd/chf, 2022-05-14 15:02:02.290696: usd/jpy, 2022-05-14 15:09:02.468429: eur/gbp, 2022-05-14 15:17:01.936399: aud/usd, 2022-05-14 15:23:02.053349: aud/usd, 2022-05-14 15:33:02.162749: eur/gbp, 2022-05-14 15:39:03.511313: eur/gbp, 2022-05-14 15:49:02.255347: aud/usd, 2022-05-14 15:58:00.816386: eur/usd, 2022-05-14 16:07:02.324746: aud/usd, 2022-05-14 16:13:02.052207: aud/usd, 2022-05-14 16:28:02.255153: usd/chf, 2022-05-14 16:37:01.996004: aud/usd, 2022-05-14 16:46:03.935884: eur/usd, 2022-05-14 16:56:02.278220: aud/usd, 2022-05-14 17:06:02.114643: usd/chf, 2022-05-14 17:14:02.975607: aud/usd, 2022-05-14 19:23:02.789377: eur/usd, 2022-05-14 19:32:02.330536: usd/jpy, 2022-05-14 19:43:02.221175: aud/usd, 2022-05-14 19:52:01.908557: aud/usd, 2022-05-14 19:59:01.600514: eur/gbp, 2022-05-14 20:09:01.904037: eur/usd, 2022-05-14 20:15:02.105384: usd/jpy, 2022-05-14 20:22:01.397210: nzd/usd, 2022-05-14 20:33:02.266995: eur/gbp, 2022-05-14 20:41:01.444297: nzd/usd, 2022-05-14 20:52:02.029017: eur/gbp, 2022-05-14 21:02:01.236607: eur/gbp, 2022-05-14 21:10:02.763842: eur/usd, 2022-05-14 21:17:02.143067: usd/chf, 2022-05-14 21:25:02.347145: usd/jpy, 2022-05-14 21:36:04.749936: usd/jpy, 2022-05-14 21:42:01.241446: eur/gbp, 2022-05-14 21:48:02.660471: eur/gbp, 2022-05-14 21:56:01.713679: eur/usd, 2022-05-14 21:57:58.161017: eur/usd, 2022-05-14 22:04:00.860745: aud/usd, 2022-05-14 22:10:03.464930: nzd/usd, 2022-05-14 22:16:35.466546: eur/gbp, 2022-05-14 22:26:03.543677: aud/usd, 2022-05-14 22:33:02.846550: nzd/usd, 2022-05-14 22:42:04.286306: eur/gbp, 2022-05-14 22:50:01.824688: nzd/usd, 2022-05-14 23:00:02.348636: usd/chf, 2022-05-14 23:09:02.060906: eur/gbp, 2022-05-14 23:36:02.036503: eur/gbp, 2022-05-14 23:42:02.286375: eur/gbp, 2022-05-14 23:52:00.892859: aud/usd, 2022-05-15 00:00:02.408477: usd/jpy, 2022-05-15 00:09:02.393663: usd/chf, 2022-05-15 00:17:01.921682: usd/jpy, 2022-05-15 00:26:01.663403: aud/usd, 2022-05-15 00:33:03.487964: nzd/usd, 2022-05-15 00:43:01.440379: usd/jpy, 2022-05-15 00:51:02.445858: eur/usd, 2022-05-15 02:24:06.761122: eur/gbp, 2022-05-15 02:27:01.771319: usd/jpy, 2022-05-15 02:36:01.890339: eur/gbp, 2022-05-15 02:46:02.055981: usd/chf, 2022-05-15 02:53:02.065952: usd/jpy, 2022-05-15 03:03:02.251772: usd/jpy, 2022-05-15 03:09:02.096565: usd/chf, 2022-05-15 03:18:01.672732: aud/usd, 2022-05-15 03:29:01.367392: nzd/usd, 2022-05-15 03:38:05.118472: usd/jpy, 2022-05-15 03:47:02.360844: usd/jpy, 2022-05-15 03:55:02.582146: eur/gbp, 2022-05-15 04:03:02.784618: usd/chf, 2022-05-15 04:10:03.897282: usd/chf, 2022-05-15 04:21:02.055293: aud/usd, 2022-05-15 04:32:02.968644: eur/usd, 2022-05-15 04:41:02.163728: eur/usd, 2022-05-15 04:50:02.210639: usd/jpy, 2022-05-15 04:59:02.103833: usd/jpy, 2022-05-15 05:06:02.030439: usd/jpy, 2022-05-15 05:13:02.508606: eur/usd, 2022-05-15 05:19:02.320681: usd/chf, 2022-05-15 05:27:01.587624: eur/gbp, 2022-05-15 05:33:01.522729: aud/usd, 2022-05-15 05:40:01.547283: aud/usd, 2022-05-15 05:51:01.821298: usd/chf, 2022-05-15 05:57:02.906971: nzd/usd, 2022-05-15 06:03:01.300317: usd/chf, 2022-05-15 06:14:02.187757: usd/jpy, 2022-05-15 06:23:03.282137: usd/jpy, 2022-05-15 06:33:01.955285: eur/usd, 2022-05-15 06:40:02.275312: usd/chf, 2022-05-15 06:51:01.824763: usd/chf, 2022-05-15 06:59:01.320404: eur/usd, 2022-05-15 07:08:01.886709: eur/usd, 2022-05-15 07:16:02.663694: usd/chf, 2022-05-15 07:25:03.923196: aud/usd, 2022-05-15 07:34:04.023899: nzd/usd, 2022-05-15 07:40:03.812832: usd/chf, 2022-05-15 07:48:06.644307: aud/usd, 2022-05-15 07:57:04.087757: aud/usd, 2022-05-15 08:06:03.800360: eur/gbp, 2022-05-15 08:37:03.620978: eur/usd, 2022-05-15 08:43:03.893905: nzd/usd, 2022-05-15 08:52:03.021670: eur/gbp, 2022-05-15 09:00:07.131585: nzd/usd, 2022-05-15 09:08:03.729734: usd/jpy, 2022-05-15 09:19:04.253189: aud/usd, 2022-05-15 09:25:02.660056: usd/jpy, 2022-05-15 09:34:03.786550: eur/usd, 2022-05-15 09:41:03.485635: eur/gbp, 2022-05-15 09:49:04.705531: usd/chf, 2022-05-15 10:00:09.211998: usd/jpy, 2022-05-15 10:08:04.265924: usd/chf, 2022-05-15 10:17:04.503086: eur/gbp, 2022-05-15 10:27:03.336841: aud/usd, 2022-05-15 13:04:00.324821: usd/chf, 2022-05-15 13:05:04.919489: usd/jpy, 2022-05-15 13:16:06.470007: eur/usd, 2022-05-15 13:24:03.649822: usd/jpy, 2022-05-15 13:33:04.802809: usd/jpy, 2022-05-15 13:44:05.252853: aud/usd, 2022-05-15 13:51:03.193209: usd/chf, 2022-05-15 14:01:02.655686: eur/gbp, 2022-05-15 14:12:03.638456: aud/usd, 2022-05-15 14:20:03.524279: usd/chf, 2022-05-15 14:27:04.253428: eur/usd, 2022-05-15 14:36:03.526110: eur/usd, 2022-05-15 14:45:03.672415: aud/usd, 2022-05-15 14:54:03.681641: nzd/usd, 2022-05-15 15:04:04.141104: nzd/usd, 2022-05-15 15:11:05.961063: aud/usd, 2022-05-15 15:20:03.274938: usd/jpy, 2022-05-15 15:30:03.701336: usd/jpy, 2022-05-15 15:36:03.515055: usd/jpy, 2022-05-15 15:47:05.136576: aud/usd, 2022-05-15 15:54:03.339115: nzd/usd, 2022-05-15 16:05:04.551811: aud/usd, 2022-05-15 16:11:03.174993: usd/jpy, 2022-05-15 16:22:05.258983: usd/chf, 2022-05-15 16:31:02.285593: eur/gbp, 2022-05-15 16:40:04.816596: eur/usd, 2022-05-15 16:48:03.727268: aud/usd, 2022-05-15 16:54:05.399782: aud/usd, 2022-05-15 17:02:04.086521: eur/gbp, 2022-05-15 17:10:04.221046: nzd/usd, 2022-05-15 17:20:04.192149: usd/chf, 2022-05-15 17:29:03.457093: aud/usd, 2022-05-15 17:40:02.615516: eur/gbp, 2022-05-15 17:47:03.842838: nzd/usd, 2022-05-15 17:56:03.759889: eur/gbp, 2022-05-15 18:04:04.834177: eur/gbp, 2022-05-15 18:13:01.817594: eur/usd, 2022-05-15 18:24:03.744202: eur/gbp, 2022-05-15 18:30:18.833320: usd/chf, 2022-05-15 18:38:14.206650: usd/chf, 2022-05-15 18:53:04.852449: usd/chf, 2022-05-15 19:00:22.701329: aud/usd, 2022-05-15 19:11:16.729023: usd/chf, 2022-05-15 19:31:50.792380: usd/chf, 2022-05-15 19:44:48.692741: usd/chf, 2022-05-15 19:48:13.209058: aud/usd, 2022-05-15 20:01:13.621258: gbp/usd, 2022-05-15 20:08:17.149712: eur/gbp, 2022-05-15 20:14:16.077219: gbp/usd, 2022-05-15 20:21:13.884915: usd/jpy, 2022-05-15 20:29:14.832773: usd/jpy, 2022-05-15 22:12:28.804495: aud/usd, 2022-05-15 22:15:49.490229: aud/usd, 2022-05-15 22:27:37.930487: aud/usd, 2022-05-15 22:28:12.106967: aud/usd, 2022-05-15 22:28:14.334477: eur/usd, 2022-05-15 22:47:11.537864: eur/usd, 2022-05-15 22:49:04.008473: eur/usd, 2022-05-15 22:49:14.632984: aud/usd, 2022-05-15 22:54:17.712361: aud/usd, 2022-05-15 22:56:09.476988: aud/usd, 2022-05-15 22:57:45.059753: aud/usd, 2022-05-15 23:06:11.857506: aud/usd, 2022-05-15 23:13:14.320254: eur/usd, 2022-05-15 23:23:16.517133: eur/usd, 2022-05-15 23:35:17.514280: aud/usd, 2022-05-15 23:42:13.573262: eur/usd, 2022-05-15 23:55:14.918219: aud/usd, 2022-05-16 00:07:13.553280: gbp/usd, 2022-05-16 00:14:15.597576: usd/chf, 2022-05-16 00:25:29.509418: gbp/usd, 2022-05-16 00:34:17.867861: usd/chf, 2022-05-16 00:48:16.500310: eur/gbp, 2022-05-16 00:55:20.009525: eur/gbp, 2022-05-16 01:07:14.010668: aud/usd, 2022-05-16 01:16:18.289667: gbp/usd, 2022-05-16 01:26:16.776170: aud/usd, 2022-05-16 01:36:12.148919: aud/usd, 2022-05-16 01:47:15.984874: eur/usd, 2022-05-16 01:59:16.600879: aud/usd, 2022-05-16 02:08:15.322738: gbp/usd, 2022-05-16 02:18:14.988712: aud/usd, 2022-05-16 02:28:17.425571: usd/chf, 2022-05-16 02:34:13.231778: usd/chf, 2022-05-16 02:41:18.351649: usd/chf, 2022-05-16 02:50:15.999890: gbp/usd, 2022-05-16 03:02:16.774952: eur/gbp, 2022-05-16 03:11:13.926252: gbp/usd, 2022-05-16 03:24:13.011260: usd/chf, 2022-05-16 03:36:19.474961: eur/gbp, 2022-05-16 03:44:16.530122: usd/chf, 2022-05-16 03:55:17.409953: eur/gbp, 2022-05-16 04:06:14.555921: gbp/usd, 2022-05-16 04:16:22.375024: eur/gbp, 2022-05-16 04:24:22.458323: gbp/usd, 2022-05-16 04:31:15.272519: gbp/usd, 2022-05-16 04:44:20.324935: gbp/usd, 2022-05-16 04:53:15.648048: usd/chf, 2022-05-16 05:04:15.910221: eur/gbp, 2022-05-16 05:13:16.150181: eur/gbp, 2022-05-16 05:21:15.264783: gbp/usd, 2022-05-16 05:27:16.618880: eur/gbp, 2022-05-16 05:36:20.519873: eur/usd, 2022-05-16 05:42:16.936286: aud/usd, 2022-05-16 05:48:14.482810: usd/chf, 2022-05-16 05:59:14.624543: aud/usd, 2022-05-16 06:07:55.752329: usd/chf, 2022-05-16 06:13:31.210199: usd/chf, 2022-05-16 06:36:15.088552: usd/jpy, 2022-05-16 06:44:16.065661: gbp/usd, 2022-05-16 06:54:13.152805: usd/jpy, 2022-05-16 07:04:26.564321: aud/usd, 2022-05-16 07:11:17.336444: eur/usd, 2022-05-16 07:20:24.963498: gbp/usd, 2022-05-16 07:30:22.287985: aud/usd, 2022-05-16 07:43:15.618220: usd/chf, 2022-05-16 07:57:28.844091: usd/jpy, 2022-05-16 08:06:15.973531: usd/chf, 2022-05-16 08:13:15.697647: usd/jpy, 2022-05-16 08:21:19.421284: usd/chf, 2022-05-16 08:32:16.983241: usd/chf, 2022-05-16 08:42:15.894543: usd/chf, 2022-05-16 09:04:17.626563: aud/usd, 2022-05-16 09:11:17.164081: aud/usd, 2022-05-16 09:23:15.223648: eur/gbp, 2022-05-16 09:35:19.580009: eur/usd, 2022-05-16 09:45:15.801564: gbp/usd, 2022-05-16 09:53:17.069651: usd/chf, 2022-05-16 10:02:19.199866: usd/chf, 2022-05-16 10:08:14.938701: usd/chf, 2022-05-16 10:16:12.048126: gbp/usd, 2022-05-16 10:22:19.307487: eur/gbp, 2022-05-16 10:34:30.508684: aud/usd, 2022-05-16 10:42:38.651463: eur/usd, 2022-05-16 10:56:15.131211: usd/chf, 2022-05-16 11:04:13.842900: eur/usd, 2022-05-16 11:17:17.253219: eur/usd, 2022-05-16 11:27:15.480482: aud/usd, 2022-05-16 11:39:13.483035: aud/usd, 2022-05-16 11:45:15.496174: eur/gbp, 2022-05-16 11:54:14.417581: aud/usd, 2022-05-16 12:04:16.352433: eur/gbp, 2022-05-16 12:12:12.893440: eur/gbp, 2022-05-16 12:22:14.790318: aud/usd, 2022-05-16 12:34:14.417155: gbp/usd, 2022-05-16 12:48:13.520155: eur/usd, 2022-05-16 12:56:14.249615: gbp/usd, 2022-05-16 13:08:14.791731: usd/chf, 2022-05-16 13:09:17.665627: usd/chf, 2022-05-16 13:21:19.376154: aud/usd, 2022-05-16 13:28:12.271304: gbp/usd, 2022-05-16 13:29:24.122950: gbp/usd, 2022-05-16 13:38:13.347622: aud/usd, 2022-05-16 13:44:13.631063: eur/gbp, 2022-05-16 13:57:17.927425: aud/usd, 2022-05-16 14:08:17.323038: gbp/usd, 2022-05-16 14:20:16.687886: gbp/usd, 2022-05-16 14:27:16.657884: eur/usd, 2022-05-16 14:33:14.017829: usd/jpy, 2022-05-16 14:45:17.106276: usd/chf, 2022-05-16 14:46:08.117248: usd/chf, 2022-05-16 14:53:19.034631: aud/usd, 2022-05-16 14:59:19.118665: eur/gbp, 2022-05-16 15:10:19.087870: usd/chf, 2022-05-16 15:18:15.678291: eur/usd, 2022-05-16 15:29:14.854687: eur/gbp, 2022-05-16 15:35:15.161733: gbp/usd, 2022-05-16 15:44:22.587572: usd/jpy, 2022-05-16 15:52:15.717751: usd/jpy, 2022-05-16 16:05:15.526015: usd/chf, 2022-05-16 16:19:15.590291: usd/jpy, 2022-05-16 16:25:15.148045: usd/jpy, 2022-05-16 16:36:15.469697: eur/usd, 2022-05-16 16:43:16.743608: eur/usd, 2022-05-16 16:51:06.410714: eur/gbp, 2022-05-16 16:59:03.222919: usd/chf, 2022-05-16 17:08:02.564727: usd/chf, 2022-05-16 17:14:04.006957: aud/usd, 2022-05-16 17:22:03.061263: aud/usd, 2022-05-16 17:30:05.984949: usd/chf, 2022-05-16 17:37:04.296089: usd/chf, 2022-05-16 17:38:04.632175: eur/usd, 2022-05-16 17:42:56.099479: eur/usd, 2022-05-16 17:53:02.454381: nzd/usd, 2022-05-16 17:55:19.586094: nzd/usd, 2022-05-16 17:56:41.391299: nzd/usd, 2022-05-16 18:01:04.868477: aud/usd, 2022-05-16 18:11:02.305562: usd/jpy, 2022-05-16 18:17:03.779717: eur/gbp, 2022-05-16 18:23:02.412002: eur/usd, 2022-05-16 18:31:16.317186: aud/usd, 2022-05-16 20:27:19.389841: aud/usd, 2022-05-16 20:29:14.920549: aud/usd, 2022-05-16 20:30:32.028148: aud/usd, 2022-05-16 20:33:56.734212: aud/usd, 2022-05-16 20:35:12.126025: aud/usd, 2022-05-17 05:47:15.225730: usd/chf, 2022-05-17 05:56:16.414662: usd/jpy, 2022-05-17 06:08:16.576165: usd/chf, 2022-05-17 06:15:16.167675: usd/chf, 2022-05-17 06:22:19.413931: usd/chf, 2022-05-17 06:42:17.188258: usd/chf, 2022-05-17 06:49:16.426422: eur/usd, 2022-05-17 07:01:17.025826: aud/usd, 2022-05-17 07:10:14.957470: eur/usd, 2022-05-17 07:11:21.760299: eur/usd, 2022-05-17 07:19:16.936868: usd/jpy, 2022-05-17 07:26:16.876656: aud/usd, 2022-05-17 07:37:17.309633: eur/usd, 2022-05-17 07:47:14.946930: eur/usd, 2022-05-17 07:57:16.797760: gbp/usd, 2022-05-17 08:04:13.647595: gbp/usd, 2022-05-17 08:15:23.634581: gbp/usd, 2022-05-17 08:25:18.380689: usd/jpy, 2022-05-17 08:34:15.093933: usd/jpy, 2022-05-17 08:44:15.989640: usd/jpy, 2022-05-17 08:52:15.709270: usd/jpy, 2022-05-17 09:01:24.094719: usd/jpy, 2022-05-17 09:15:17.310852: usd/jpy, 2022-05-17 09:29:15.082396: usd/jpy, 2022-05-17 09:41:15.510554: usd/jpy, 2022-05-17 09:52:23.859932: usd/jpy, 2022-05-17 10:04:13.276701: eur/usd, 2022-05-17 10:14:15.121320: eur/usd, 2022-05-17 10:21:14.936463: eur/usd, 2022-05-17 10:30:22.384433: usd/chf, 2022-05-17 10:41:21.523599: eur/usd, 2022-05-17 10:51:14.504901: usd/chf, 2022-05-17 11:02:15.070353: usd/jpy, 2022-05-17 11:11:14.504292: gbp/usd, 2022-05-17 11:21:18.311387: eur/usd, 2022-05-17 12:05:15.071177: aud/usd, 2022-05-17 12:16:13.270892: aud/usd, 2022-05-17 12:24:18.841559: usd/chf, 2022-05-17 12:37:11.934364: eur/usd, 2022-05-17 12:46:12.904052: aud/usd, 2022-05-17 12:54:13.055409: eur/usd, 2022-05-17 13:03:19.212855: aud/usd, 2022-05-17 13:12:12.331626: usd/chf, 2022-05-17 13:26:12.314116: gbp/usd, 2022-05-17 13:36:14.309628: eur/usd, 2022-05-17 13:44:14.606446: aud/usd, 2022-05-17 13:52:13.629404: gbp/usd, 2022-05-17 14:01:16.652839: usd/chf, 2022-05-17 14:13:13.672229: usd/chf, 2022-05-17 14:23:13.962829: usd/chf, 2022-05-17 14:33:13.944804: aud/usd, 2022-05-17 14:42:17.321594: aud/usd, 2022-05-17 14:53:11.637820: eur/usd, 2022-05-17 15:04:24.556654: usd/jpy, 2022-05-17 15:14:12.330691: usd/jpy, 2022-05-17 15:25:13.903482: usd/jpy, 2022-05-17 15:37:13.503957: usd/jpy, 2022-05-17 15:48:14.694124: gbp/usd, 2022-05-17 15:58:16.729249: eur/gbp, 2022-05-17 16:08:20.060792: usd/chf, 2022-05-17 16:18:14.188456: gbp/usd, 2022-05-17 16:30:23.141557: eur/gbp, 2022-05-17 16:41:15.321437: gbp/usd, 2022-05-17 16:53:03.875646: usd/chf, 2022-05-17 17:01:01.093144: eur/usd, 2022-05-17 17:12:02.935455: aud/usd, 2022-05-17 17:23:03.728626: aud/usd, 2022-05-17 17:29:03.533372: nzd/usd, 2022-05-17 17:39:02.594094: eur/gbp, 2022-05-17 17:45:04.932126: eur/usd, 2022-05-17 17:54:02.870648: nzd/usd, 2022-05-17 18:04:02.587053: eur/usd, 2022-05-17 18:11:01.579232: nzd/usd, 2022-05-17 18:22:02.904697: aud/usd, 2022-05-17 18:30:20.004379: gbp/usd, 2022-05-17 18:39:13.916367: gbp/usd, 2022-05-17 18:45:11.081984: aud/usd, 2022-05-17 18:56:12.778780: usd/jpy, 2022-05-17 19:08:12.368802: usd/jpy, 2022-05-17 19:15:14.684402: usd/jpy, 2022-05-17 19:23:16.659801: usd/jpy, 2022-05-17 19:32:12.758325: usd/jpy, 2022-05-17 19:42:12.432065: usd/jpy, 2022-05-17 19:54:13.162313: usd/jpy, 2022-05-17 20:08:10.730565: gbp/usd, 2022-05-17 20:18:12.646603: aud/usd, 2022-05-17 20:24:11.738351: usd/chf, 2022-05-17 20:31:13.410464: eur/usd, 2022-05-17 20:40:13.659961: aud/usd, 2022-05-17 20:48:14.380325: gbp/usd, 2022-05-17 20:58:15.431587: usd/chf, 2022-05-17 21:11:20.110462: usd/jpy, 2022-05-17 21:23:10.498760: eur/gbp, 2022-05-17 21:34:16.491674: usd/chf, 2022-05-18 06:35:16.142461: usd/jpy, 2022-05-18 06:44:14.319705: aud/usd, 2022-05-18 06:54:14.318895: usd/chf, 2022-05-18 07:00:32.076836: usd/chf, 2022-05-18 07:11:15.639015: usd/chf, 2022-05-18 07:19:16.081467: usd/chf, 2022-05-18 07:28:16.436843: usd/chf, 2022-05-18 07:32:24.452180: usd/chf, 2022-05-18 07:41:15.846716: usd/chf, 2022-05-18 07:52:17.205665: usd/chf, 2022-05-18 08:01:19.137185: usd/chf, 2022-05-18 08:12:14.151770: usd/jpy, 2022-05-18 08:22:13.783540: usd/jpy, 2022-05-18 08:32:15.511451: aud/usd, 2022-05-18 08:45:19.028998: eur/gbp, 2022-05-18 08:55:16.969447: usd/jpy, 2022-05-18 09:06:15.454025: usd/jpy, 2022-05-18 16:55:06.175536: nzd/usd, 2022-05-18 17:05:04.097842: eur/gbp, 2022-05-18 17:16:02.045901: usd/jpy, 2022-05-18 17:16:28.914356: usd/jpy, 2022-05-18 17:24:02.160305: nzd/usd, 2022-05-18 17:30:03.153055: usd/chf, 2022-05-18 17:40:02.181121: eur/gbp, 2022-05-18 17:48:02.441452: nzd/usd, 2022-05-18 17:55:04.796026: usd/chf, 2022-05-18 18:05:03.105296: eur/usd, 2022-05-18 18:15:04.071367: aud/usd, 2022-05-18 18:21:02.435961: nzd/usd, 2022-05-18 18:30:24.305984: eur/usd, 2022-05-18 18:37:14.246473: eur/gbp, 2022-05-19 17:54:02.731267: eur/usd, 2022-05-19 18:03:03.104102: usd/jpy, 2022-05-19 18:12:02.582672: nzd/usd, 2022-05-19 18:23:01.880661: eur/gbp, 2022-05-19 18:30:15.730116: usd/chf, 2022-05-20 22:15:07.044132: nzd/usd, 2022-05-20 22:24:08.483698: eur/gbp, 2022-05-20 22:34:04.317680: eur/usd, 2022-05-20 22:42:02.410697: aud/usd, 2022-05-20 22:49:02.626466: nzd/usd, 2022-05-20 22:58:05.641801: eur/gbp, 2022-05-20 23:06:05.401317: nzd/usd, 2022-05-20 23:15:05.624799: eur/gbp, 2022-05-20 23:24:03.468207: nzd/usd, 2022-05-20 23:34:06.347886: aud/usd, 2022-05-20 23:42:03.045084: aud/usd, 2022-05-20 23:52:03.877602: aud/usd, 2022-05-20 23:59:03.897209: eur/usd, 2022-05-21 00:08:03.119382: eur/gbp, 2022-05-21 00:14:06.158328: eur/gbp, 2022-05-21 00:23:04.094947: aud/usd, 2022-05-21 00:30:03.492366: eur/gbp, 2022-05-21 00:37:06.409449: usd/chf, 2022-05-21 00:48:05.708847: usd/jpy, 2022-05-21 00:54:06.349141: aud/usd, 2022-05-21 01:00:09.335874: usd/jpy, 2022-05-21 01:08:05.262445: eur/gbp, 2022-05-21 01:17:03.723239: usd/chf, 2022-05-21 01:25:05.598403: aud/usd, 2022-05-21 01:33:08.075363: eur/gbp, 2022-05-21 01:42:06.421254: aud/usd, 2022-05-21 01:49:09.894202: aud/usd, 2022-05-21 01:57:05.826946: usd/jpy, 2022-05-21 02:03:04.978707: nzd/usd, 2022-05-21 02:10:09.469510: usd/chf, 2022-05-21 02:19:05.703139: eur/gbp, 2022-05-21 02:27:03.394266: eur/gbp, 2022-05-21 02:34:04.253908: aud/usd, 2022-05-21 02:45:05.545670: usd/chf, 2022-05-21 02:54:03.687147: usd/chf, 2022-05-21 03:03:03.468760: nzd/usd, 2022-05-21 03:09:08.505116: usd/chf, 2022-05-21 03:20:03.909044: eur/usd, 2022-05-21 03:27:05.953954: eur/usd, 2022-05-21 03:36:04.792500: eur/usd, 2022-05-21 03:44:03.837777: aud/usd, 2022-05-21 03:54:06.996950: usd/chf, 2022-05-21 04:02:03.939065: eur/gbp, 2022-05-21 04:08:03.018106: aud/usd, 2022-05-21 04:16:11.647236: usd/chf, 2022-05-21 04:27:02.690365: eur/gbp, 2022-05-21 04:33:06.584686: aud/usd, 2022-05-21 04:41:05.713349: eur/usd, 2022-05-21 04:51:04.205265: eur/usd, 2022-05-21 05:02:07.572606: aud/usd, 2022-05-21 05:09:06.455758: eur/usd, 2022-05-21 05:19:04.768210: eur/usd, 2022-05-21 05:29:07.731397: usd/jpy, 2022-05-21 05:40:04.306256: eur/usd, 2022-05-21 05:50:09.198006: eur/gbp, 2022-05-21 06:00:07.022348: eur/gbp, 2022-05-21 06:07:05.382909: nzd/usd, 2022-05-21 06:15:03.011883: eur/usd, 2022-05-21 06:24:04.526791: usd/chf, 2022-05-21 06:32:03.281585: usd/jpy, 2022-05-21 06:38:02.789964: usd/jpy, 2022-05-21 06:46:05.049694: nzd/usd, 2022-05-21 06:55:03.072269: aud/usd, 2022-05-21 07:02:04.035257: usd/jpy, 2022-05-21 07:13:03.582337: usd/chf, 2022-05-21 07:24:06.794433: aud/usd, 2022-05-21 07:34:02.909049: usd/chf, 2022-05-21 07:45:03.528636: aud/usd, 2022-05-21 07:54:09.782336: eur/gbp, 2022-05-21 08:05:07.013564: aud/usd, 2022-05-21 08:14:04.323778: aud/usd, 2022-05-21 08:24:04.071013: usd/chf, 2022-05-21 08:34:03.329502: usd/jpy, 2022-05-21 08:43:03.343860: usd/chf, 2022-05-21 08:50:05.397641: usd/jpy, 2022-05-21 09:01:13.699870: eur/gbp, 2022-05-21 09:09:03.368444: eur/gbp, 2022-05-21 09:18:03.469801: usd/chf, 2022-05-21 09:26:04.784924: nzd/usd, 2022-05-21 09:35:03.575226: aud/usd, 2022-05-21 09:44:03.823031: usd/chf, 2022-05-21 09:51:03.781446: usd/chf, 2022-05-21 09:59:05.805105: usd/chf, 2022-05-21 10:08:03.719091: aud/usd, 2022-05-21 10:14:05.057852: nzd/usd, 2022-05-21 10:20:06.709008: usd/jpy, 2022-05-21 10:29:04.262029: nzd/usd, 2022-05-21 10:36:05.717755: eur/gbp, 2022-05-21 10:46:04.515891: eur/gbp, 2022-05-21 10:54:05.520479: aud/usd, 2022-05-21 11:03:05.185909: eur/gbp, 2022-05-21 11:10:13.676821: nzd/usd, 2022-05-21 11:20:04.038690: aud/usd, 2022-05-21 11:26:04.642739: nzd/usd, 2022-05-21 11:32:03.452943: usd/jpy, 2022-05-21 11:38:10.318836: eur/usd, 2022-05-21 11:47:05.325318: usd/jpy, 2022-05-21 11:54:04.826517: usd/chf, 2022-05-21 12:01:08.141018: eur/gbp, 2022-05-21 12:09:04.612698: eur/gbp, 2022-05-21 12:16:03.092594: eur/usd, 2022-05-21 12:22:03.431442: nzd/usd, 2022-05-21 12:28:03.894924: usd/jpy, 2022-05-21 12:36:04.247596: eur/gbp, 2022-05-21 12:45:05.081459: eur/usd, 2022-05-21 12:51:04.038731: eur/usd, 2022-05-21 13:01:03.292027: nzd/usd, 2022-05-21 13:12:06.457343: eur/usd, 2022-05-21 13:20:08.972610: eur/usd, 2022-05-21 13:27:05.448664: eur/usd, 2022-05-21 13:34:04.729073: eur/gbp, 2022-05-21 13:44:07.007713: usd/jpy, 2022-05-21 13:53:03.228770: nzd/usd, 2022-05-21 14:02:05.301328: usd/chf, 2022-05-21 14:11:02.020401: usd/jpy, 2022-05-21 14:18:08.558891: eur/gbp, 2022-05-21 14:29:03.686722: usd/jpy, 2022-05-21 14:37:08.233254: nzd/usd, 2022-05-21 14:47:03.675147: nzd/usd, 2022-05-21 14:55:03.906098: usd/jpy, 2022-05-21 15:02:06.149128: aud/usd, 2022-05-21 15:08:07.271303: aud/usd, 2022-05-21 15:19:05.266439: eur/gbp, 2022-05-21 15:30:05.427293: usd/chf, 2022-05-21 15:37:02.722584: nzd/usd, 2022-05-21 15:47:05.242334: aud/usd, 2022-05-21 15:55:09.620088: usd/chf, 2022-05-21 16:06:02.601248: aud/usd, 2022-05-21 16:13:03.287236: usd/chf, 2022-05-21 16:20:10.575048: nzd/usd, 2022-05-21 16:28:03.795386: eur/gbp, 2022-05-21 16:37:03.569821: eur/gbp, 2022-05-21 16:46:04.842084: usd/chf, 2022-05-21 16:52:04.546313: usd/chf, 2022-05-21 16:58:05.389707: eur/usd, 2022-05-21 17:06:03.092446: usd/chf, 2022-05-21 17:16:03.697684: aud/usd, 2022-05-21 17:23:03.542116: usd/chf, 2022-05-21 17:32:05.564699: eur/gbp, 2022-05-21 17:39:04.654549: eur/gbp, 2022-05-21 17:46:04.531130: usd/jpy, 2022-05-21 17:56:04.697186: usd/jpy, 2022-05-21 18:04:04.058972: nzd/usd, 2022-05-21 18:13:03.572431: usd/chf, 2022-05-21 18:20:04.029430: eur/usd, 2022-05-21 18:26:03.046921: eur/usd, 2022-05-21 18:33:03.895057: eur/gbp, 2022-05-21 18:44:03.138415: eur/gbp, 2022-05-21 18:53:05.169170: aud/usd, 2022-05-21 18:59:04.471170: usd/chf, 2022-05-21 19:05:04.785534: usd/chf, 2022-05-21 19:11:05.109356: usd/chf, 2022-05-21 19:18:03.315055: aud/usd, 2022-05-21 19:26:07.192043: nzd/usd, 2022-05-21 19:35:06.953637: usd/chf, 2022-05-21 19:44:03.545095: usd/jpy, 2022-05-21 19:52:02.311639: nzd/usd, 2022-05-21 20:01:04.787055: usd/chf, 2022-05-21 20:08:06.440005: aud/usd, 2022-05-21 20:17:04.153687: eur/gbp, 2022-05-21 20:24:01.551270: usd/jpy, 2022-05-21 20:34:05.464241: nzd/usd, 2022-05-21 20:43:03.500197: nzd/usd, 2022-05-21 20:54:02.564965: eur/gbp, 2022-05-21 22:38:44.356017: usd/chf, 2022-05-21 22:43:03.556611: eur/usd, 2022-05-21 22:46:03.995614: eur/gbp, 2022-05-21 22:47:19.242998: eur/gbp, 2022-05-21 22:53:03.018293: eur/gbp, 2022-05-21 23:02:05.362282: aud/usd, 2022-05-21 23:12:03.217082: eur/usd, 2022-05-21 23:19:01.833591: usd/jpy, 2022-05-21 23:26:03.801607: eur/usd, 2022-05-21 23:34:04.490024: usd/jpy, 2022-05-21 23:41:02.854144: aud/usd, 2022-05-21 23:49:04.335864: aud/usd, 2022-05-21 23:56:02.772852: usd/chf, 2022-05-22 00:05:04.773375: nzd/usd, 2022-05-22 00:13:03.755628: eur/gbp, 2022-05-22 00:20:03.926753: eur/gbp, 2022-05-22 00:27:03.317588: usd/chf, 2022-05-22 00:34:04.064533: nzd/usd, 2022-05-22 00:45:02.959047: usd/chf, 2022-05-22 01:18:07.283477: nzd/usd, 2022-05-22 01:18:14.346902: nzd/usd, 2022-05-22 01:18:20.791363: usd/chf, 2022-05-22 01:18:27.169372: nzd/usd, 2022-05-22 01:24:02.861775: aud/usd, 2022-05-22 01:30:03.559228: eur/gbp, 2022-05-22 01:37:01.602736: nzd/usd, 2022-05-22 01:46:03.733729: eur/gbp, 2022-05-22 01:54:03.232893: eur/usd, 2022-05-22 02:03:02.830548: eur/usd, 2022-05-22 02:11:01.623589: aud/usd, 2022-05-22 02:19:03.084485: eur/gbp, 2022-05-22 02:29:04.590022: aud/usd, 2022-05-22 02:38:04.691028: usd/jpy, 2022-05-22 02:46:03.812372: aud/usd, 2022-05-22 02:55:04.422014: usd/jpy, 2022-05-22 03:05:03.770620: eur/gbp, 2022-05-22 03:16:04.086522: aud/usd, 2022-05-22 03:26:02.626210: aud/usd, 2022-05-22 03:33:04.054040: eur/usd, 2022-05-22 03:42:02.958808: aud/usd, 2022-05-22 03:53:04.184544: eur/usd, 2022-05-22 04:02:02.897948: nzd/usd, 2022-05-22 04:10:04.887830: eur/gbp, 2022-05-22 04:20:05.234909: usd/jpy, 2022-05-22 04:31:03.242511: nzd/usd, 2022-05-22 04:41:03.799240: usd/chf, 2022-05-22 04:49:04.741770: eur/gbp, 2022-05-22 04:58:06.316713: aud/usd, 2022-05-22 05:07:02.776224: aud/usd, 2022-05-22 05:14:05.099235: usd/chf, 2022-05-22 05:22:02.103059: usd/chf, 2022-05-22 05:32:02.591311: nzd/usd, 2022-05-22 05:49:01.594182: usd/jpy, 2022-05-22 06:59:04.056903: eur/usd, 2022-05-22 07:08:03.634324: usd/jpy, 2022-05-22 07:16:02.079628: aud/usd, 2022-05-22 07:23:04.551572: eur/gbp, 2022-05-22 07:29:02.599100: usd/chf, 2022-05-22 07:36:03.783138: eur/gbp, 2022-05-22 07:45:02.180465: usd/jpy, 2022-05-22 07:51:02.824963: aud/usd, 2022-05-22 07:58:02.422121: usd/jpy, 2022-05-22 08:05:03.941595: eur/gbp, 2022-05-22 08:13:03.370673: eur/usd, 2022-05-22 08:19:03.714584: usd/chf, 2022-05-22 08:27:02.599176: usd/chf, 2022-05-22 08:35:05.394726: usd/chf, 2022-05-22 08:43:03.705911: usd/chf, 2022-05-22 08:52:03.230472: eur/gbp, 2022-05-22 08:59:03.156427: eur/gbp, 2022-05-22 09:10:04.187476: eur/gbp, 2022-05-22 09:18:01.697778: eur/gbp, 2022-05-22 09:26:02.302653: eur/gbp, 2022-05-22 09:32:02.854457: nzd/usd, 2022-05-22 09:41:03.858761: aud/usd, 2022-05-22 09:50:06.020570: eur/usd, 2022-05-22 09:59:03.055862: eur/gbp, 2022-05-22 10:08:02.848925: nzd/usd, 2022-05-22 10:19:03.780117: usd/jpy, 2022-05-22 10:28:06.164790: usd/jpy, 2022-05-22 10:37:03.315666: nzd/usd, 2022-05-22 10:44:04.119779: usd/jpy, 2022-05-22 10:54:04.921622: eur/usd, 2022-05-22 11:02:02.559230: nzd/usd, 2022-05-22 11:09:03.000543: eur/usd, 2022-05-22 11:19:03.567430: eur/gbp, 2022-05-22 11:26:04.925553: usd/chf, 2022-05-22 11:35:02.082187: eur/gbp, 2022-05-22 11:43:02.992473: eur/usd, 2022-05-22 11:50:04.500810: eur/gbp, 2022-05-22 11:56:03.730928: usd/jpy, 2022-05-22 12:07:02.961944: usd/chf, 2022-05-22 12:14:03.313969: aud/usd, 2022-05-22 12:22:04.734542: usd/chf, 2022-05-22 12:33:04.209632: eur/gbp, 2022-05-22 12:41:03.355544: nzd/usd, 2022-05-22 12:50:07.819661: aud/usd, 2022-05-22 13:01:08.981074: eur/gbp, 2022-05-22 13:10:06.777781: eur/usd, 2022-05-22 13:16:04.464476: eur/gbp, 2022-05-22 13:24:02.022713: nzd/usd, 2022-05-22 13:35:04.497807: usd/chf, 2022-05-22 13:44:03.716813: eur/usd, 2022-05-22 13:51:04.247409: aud/usd, 2022-05-22 13:59:02.916732: nzd/usd, 2022-05-22 14:08:02.048603: usd/jpy, 2022-05-22 14:16:02.089995: eur/gbp, 2022-05-22 14:22:04.092825: aud/usd, 2022-05-22 14:32:02.927032: usd/jpy, 2022-05-22 14:41:04.801712: aud/usd, 2022-05-22 14:48:03.942154: nzd/usd, 2022-05-22 14:57:02.591794: aud/usd, 2022-05-22 15:04:02.920670: usd/chf, 2022-05-22 15:13:02.197174: usd/jpy, 2022-05-22 15:21:02.185553: usd/jpy, 2022-05-22 15:30:07.449045: usd/chf, 2022-05-22 15:38:01.770191: eur/usd, 2022-05-22 15:46:04.811605: eur/usd, 2022-05-22 15:57:04.594913: nzd/usd, 2022-05-22 16:06:03.394379: eur/gbp, 2022-05-22 16:15:07.991606: eur/usd, 2022-05-22 16:24:04.155101: eur/gbp, 2022-05-22 16:33:02.695980: nzd/usd, 2022-05-22 16:41:01.375364: nzd/usd, 2022-05-22 16:50:01.992480: usd/chf, 2022-05-22 17:00:08.169104: usd/chf, 2022-05-22 17:06:02.517953: eur/gbp, 2022-05-22 17:13:08.519984: usd/jpy, 2022-05-22 17:21:06.358579: aud/usd, 2022-05-22 17:30:06.298115: usd/chf, 2022-05-22 17:36:03.091688: eur/usd, 2022-05-22 17:45:03.993399: aud/usd, 2022-05-22 17:53:07.241353: nzd/usd, 2022-05-22 17:59:04.222807: aud/usd, 2022-05-22 18:08:02.889545: eur/usd, 2022-05-22 18:15:03.466151: usd/chf, 2022-05-22 18:21:02.481214: aud/usd, 2022-05-22 18:30:21.537810: eur/usd, 2022-05-22 18:40:15.910162: eur/gbp, 2022-05-22 18:47:14.733826: eur/gbp, 2022-05-22 18:51:15.799018: eur/gbp, 2022-05-22 18:58:16.042536: eur/gbp, 2022-05-22 19:09:13.926836: aud/usd, 2022-05-22 19:20:15.238539: eur/gbp, 2022-05-22 19:27:19.108302: eur/gbp, 2022-05-22 19:38:22.456442: eur/gbp, 2022-05-22 19:52:14.217015: eur/gbp, 2022-05-22 20:00:17.045200: eur/gbp, 2022-05-22 20:10:16.305549: usd/jpy, 2022-05-22 20:21:14.606683: eur/gbp, 2022-05-22 20:34:15.371019: eur/gbp, 2022-05-22 20:42:13.958813: eur/gbp, 2022-05-22 20:51:11.953558: eur/gbp, 2022-05-22 20:58:15.021464: eur/gbp, 2022-05-22 21:09:22.427813: eur/gbp, 2022-05-22 21:17:14.818353: eur/gbp, 2022-05-22 21:26:12.761689: eur/gbp, 2022-05-22 21:37:15.983651: eur/gbp, 2022-05-22 21:47:14.936576: eur/gbp, 2022-05-22 21:54:13.722013: eur/gbp, 2022-05-22 22:06:14.413594: eur/gbp, 2022-05-22 22:13:18.491802: usd/chf, 2022-05-22 22:19:15.123187: eur/gbp, 2022-05-22 22:30:24.032334: usd/jpy, 2022-05-22 22:42:13.900411: eur/gbp, 2022-05-22 22:53:16.830901: eur/gbp, 2022-05-22 23:02:20.415120: eur/gbp, 2022-05-22 23:12:18.244636: eur/gbp, 2022-05-22 23:25:17.004129: eur/gbp, 2022-05-22 23:39:16.835010: usd/jpy, 2022-05-22 23:48:16.260266: eur/gbp, 2022-05-22 23:56:15.562403: gbp/usd, 2022-05-23 00:03:13.868998: eur/usd, 2022-05-23 00:11:12.824523: eur/gbp, 2022-05-23 00:22:15.508112: aud/usd, 2022-05-23 00:29:14.521786: eur/gbp, 2022-05-23 00:36:12.604349: eur/gbp, 2022-05-23 00:49:22.115628: usd/chf, 2022-05-23 01:00:23.682037: eur/gbp, 2022-05-23 01:11:13.809232: usd/chf, 2022-05-23 01:20:17.126563: eur/usd, 2022-05-23 01:31:17.314020: aud/usd, 2022-05-23 01:42:21.992758: aud/usd, 2022-05-23 01:48:17.783701: aud/usd, 2022-05-23 01:57:15.658635: eur/gbp, 2022-05-23 02:06:15.114521: usd/chf, 2022-05-23 02:14:15.911704: aud/usd, 2022-05-23 02:23:15.899754: eur/gbp, 2022-05-23 02:31:14.046738: gbp/usd, 2022-05-23 02:40:15.593999: eur/gbp, 2022-05-23 02:48:15.937258: eur/gbp, 2022-05-23 02:56:18.180614: eur/gbp, 2022-05-23 03:08:16.662075: usd/chf, 2022-05-23 03:15:19.186022: eur/gbp, 2022-05-23 03:26:15.431962: eur/gbp, 2022-05-23 03:38:19.408134: usd/chf, 2022-05-23 03:50:28.572462: gbp/usd, 2022-05-23 04:00:20.329412: usd/chf, 2022-05-23 04:12:16.887342: eur/usd, 2022-05-23 04:20:28.150038: usd/jpy, 2022-05-23 04:32:20.751028: usd/jpy, 2022-05-23 04:36:36.510045: eur/usd, 2022-05-23 04:44:15.966425: eur/gbp, 2022-05-23 04:53:16.849836: usd/chf, 2022-05-23 05:00:20.969317: eur/gbp, 2022-05-23 05:12:18.651343: aud/usd, 2022-05-23 05:22:16.001689: usd/jpy, 2022-05-23 05:32:16.422801: eur/usd, 2022-05-23 05:43:18.882988: eur/gbp, 2022-05-23 05:47:17.579168: eur/gbp, 2022-05-23 05:58:15.320682: eur/gbp, 2022-05-23 06:07:17.434226: eur/gbp, 2022-05-23 06:19:16.077496: eur/gbp, 2022-05-23 06:31:24.574959: eur/usd, 2022-05-23 06:43:17.610613: gbp/usd, 2022-05-23 06:53:17.596402: gbp/usd, 2022-05-23 07:01:16.062420: gbp/usd, 2022-05-23 07:08:18.385854: aud/usd, 2022-05-23 07:14:17.101718: eur/usd, 2022-05-23 07:24:18.747798: usd/chf, 2022-05-23 07:34:24.427225: eur/usd, 2022-05-23 17:08:50.561574: usd/chf, 2022-05-23 17:10:04.126426: nzd/usd, 2022-05-23 17:17:04.870496: eur/gbp, 2022-05-23 17:24:05.297269: aud/usd, 2022-05-23 17:30:04.639878: usd/chf, 2022-05-23 17:36:04.063880: nzd/usd, 2022-05-23 17:45:04.700693: nzd/usd, 2022-05-23 17:55:04.549687: nzd/usd, 2022-05-23 18:04:04.555500: usd/chf, 2022-05-23 18:11:02.696951: eur/usd, 2022-05-23 18:19:03.082752: eur/usd, 2022-05-23 18:30:21.637051: eur/usd, 2022-05-23 18:39:16.338091: aud/usd, 2022-05-23 18:59:16.924543: eur/gbp, 2022-05-23 19:10:18.620269: eur/gbp, 2022-05-23 19:20:21.265708: eur/gbp, 2022-05-23 19:29:22.848748: eur/gbp, 2022-05-23 19:42:17.626229: eur/gbp, 2022-05-23 19:52:16.022861: eur/gbp, 2022-05-23 20:01:16.019008: eur/gbp, 2022-05-23 20:15:19.512723: usd/chf, 2022-05-23 20:25:16.473467: aud/usd, 2022-05-23 20:35:16.050985: usd/chf, 2022-05-23 20:47:14.608319: usd/chf, 2022-05-23 21:15:19.132798: aud/usd, 2022-05-23 21:25:19.230467: gbp/usd, 2022-05-23 21:37:16.511566: usd/jpy, 2022-05-23 21:45:18.769631: usd/jpy, 2022-05-23 21:58:14.518991: usd/jpy, 2022-05-23 22:09:13.984493: aud/usd, 2022-05-23 22:17:17.408639: usd/jpy, 2022-05-23 22:24:16.701236: aud/usd, 2022-05-23 22:37:13.115740: eur/gbp, 2022-05-23 22:45:12.906999: eur/gbp, 2022-05-23 22:58:14.553133: usd/jpy, 2022-05-23 23:07:20.251803: usd/jpy, 2022-05-23 23:16:15.158328: usd/jpy, 2022-05-23 23:26:15.791773: usd/jpy, 2022-05-23 23:39:16.610138: usd/chf, 2022-05-23 23:48:19.168207: gbp/usd, 2022-05-23 23:56:13.780126: eur/gbp, 2022-05-24 00:07:15.655953: usd/jpy, 2022-05-24 00:15:17.865310: usd/jpy, 2022-05-24 00:23:14.535398: usd/jpy, 2022-05-24 00:33:19.331987: usd/jpy, 2022-05-24 00:46:17.212340: usd/jpy, 2022-05-24 00:58:14.614614: usd/jpy, 2022-05-24 01:07:19.821379: usd/jpy, 2022-05-24 01:17:15.089547: usd/jpy, 2022-05-24 01:27:14.146308: usd/jpy, 2022-05-24 01:35:14.738752: usd/chf, 2022-05-24 01:47:14.281922: aud/usd, 2022-05-24 01:54:14.742095: usd/jpy, 2022-05-24 02:04:17.304844: eur/gbp, 2022-05-24 02:15:15.452414: usd/chf, 2022-05-24 02:22:16.188831: gbp/usd, 2022-05-24 02:35:16.712543: usd/chf, 2022-05-24 02:48:17.315869: aud/usd, 2022-05-24 02:59:13.601868: eur/gbp, 2022-05-24 03:05:27.575500: eur/gbp, 2022-05-24 03:15:14.887225: eur/gbp, 2022-05-24 03:24:17.613684: eur/gbp, 2022-05-24 03:32:20.053707: eur/gbp, 2022-05-24 03:41:17.618388: eur/gbp, 2022-05-24 03:50:20.209579: eur/gbp, 2022-05-24 03:58:22.165136: eur/gbp, 2022-05-24 04:08:19.979441: usd/chf, 2022-05-24 04:18:14.380136: usd/chf, 2022-05-24 04:25:17.767579: usd/chf, 2022-05-24 04:37:15.963700: eur/gbp, 2022-05-24 04:43:26.832090: eur/gbp, 2022-05-24 04:54:20.560171: eur/gbp, 2022-05-24 05:01:21.608833: eur/gbp, 2022-05-24 05:10:21.224554: eur/gbp, 2022-05-24 05:20:21.168953: eur/gbp, 2022-05-24 05:26:32.731871: eur/gbp, 2022-05-24 05:36:16.624763: eur/gbp, 2022-05-24 05:40:22.127498: eur/gbp, 2022-05-24 05:53:18.790076: eur/gbp, 2022-05-24 06:03:19.959555: eur/gbp, 2022-05-24 06:26:20.378799: eur/usd, 2022-05-24 06:32:16.598705: eur/usd, 2022-05-24 06:41:57.977342: eur/usd, 2022-05-24 06:54:20.982168: aud/usd, 2022-05-24 07:06:15.425543: aud/usd, 2022-05-24 07:16:17.677347: gbp/usd, 2022-05-24 07:28:21.588277: eur/gbp, 2022-05-24 07:38:15.688937: eur/gbp, 2022-05-24 07:49:24.367906: eur/gbp, 2022-05-24 07:58:25.944979: eur/gbp, 2022-05-24 08:05:21.859328: eur/gbp, 2022-05-24 08:14:16.268561: eur/gbp, 2022-05-24 08:24:27.822847: eur/gbp, 2022-05-24 08:31:15.764729: aud/usd, 2022-05-24 08:40:19.660108: eur/gbp, 2022-05-24 08:53:14.270209: usd/chf, 2022-05-24 09:04:23.336014: usd/chf, 2022-05-24 09:13:24.879139: eur/gbp, 2022-05-24 09:23:20.080413: eur/usd, 2022-05-24 09:34:18.950066: eur/usd, 2022-05-24 09:48:30.566440: usd/chf, 2022-05-24 09:57:15.867339: usd/chf, 2022-05-24 10:06:16.107227: eur/gbp, 2022-05-24 10:16:17.116825: usd/chf, 2022-05-24 10:29:15.574474: usd/chf, 2022-05-24 10:37:16.424342: eur/gbp, 2022-05-24 10:48:24.535285: usd/chf, 2022-05-24 10:54:17.123420: usd/chf, 2022-05-24 11:03:15.991770: aud/usd, 2022-05-24 11:09:22.226695: aud/usd, 2022-05-24 11:21:24.067717: aud/usd, 2022-05-24 11:30:19.441742: usd/chf, 2022-05-24 11:39:14.117983: eur/gbp, 2022-05-24 11:48:16.496953: eur/usd, 2022-05-24 11:57:09.241841: usd/chf, 2022-05-24 12:06:24.937378: usd/chf, 2022-05-24 12:16:13.511595: usd/chf, 2022-05-24 12:25:13.312836: gbp/usd, 2022-05-24 12:36:17.376427: aud/usd, 2022-05-24 12:49:14.980830: usd/jpy, 2022-05-24 13:00:16.966970: aud/usd, 2022-05-24 13:10:15.518298: usd/jpy, 2022-05-24 13:19:16.787337: usd/jpy, 2022-05-24 13:30:18.866335: eur/gbp, 2022-05-24 13:43:14.454590: aud/usd, 2022-05-24 13:50:15.119788: aud/usd, 2022-05-24 14:00:17.904759: gbp/usd, 2022-05-24 14:12:16.656169: aud/usd, 2022-05-24 14:25:15.246770: eur/gbp, 2022-05-24 14:32:18.949075: eur/gbp, 2022-05-24 14:42:15.768976: eur/gbp, 2022-05-24 14:51:14.868828: eur/gbp, 2022-05-24 15:00:20.527462: eur/gbp, 2022-05-24 15:11:18.317488: eur/gbp, 2022-05-24 15:19:16.709486: eur/gbp, 2022-05-24 15:29:19.523988: eur/gbp, 2022-05-24 15:38:20.121282: usd/chf, 2022-05-24 15:49:16.638794: eur/usd, 2022-05-24 15:58:19.934137: aud/usd, 2022-05-24 16:08:18.529182: eur/usd, 2022-05-24 16:14:18.164895: gbp/usd, 2022-05-24 16:23:31.776570: aud/usd, 2022-05-24 16:34:22.620089: usd/chf, 2022-05-24 16:42:18.187215: usd/chf, 2022-05-24 16:49:04.234808: eur/gbp, 2022-05-24 16:55:04.550620: usd/jpy, 2022-05-24 17:05:03.256958: usd/chf, 2022-05-24 17:15:03.556747: aud/usd, 2022-05-24 17:25:04.766543: nzd/usd, 2022-05-24 17:32:04.029036: usd/jpy, 2022-05-24 17:42:04.658783: aud/usd, 2022-05-24 17:52:04.155421: aud/usd, 2022-05-24 18:01:02.916065: usd/chf, 2022-05-24 18:11:03.325213: usd/jpy, 2022-05-24 18:19:03.316804: nzd/usd, 2022-05-24 18:25:06.344062: nzd/usd, 2022-05-24 18:30:22.931808: aud/usd, 2022-05-24 18:37:19.793831: gbp/usd, 2022-05-24 18:46:15.685838: aud/usd, 2022-05-24 18:56:18.230530: eur/usd, 2022-05-24 19:07:20.290819: usd/chf, 2022-05-24 19:17:16.605637: usd/chf, 2022-05-24 19:29:17.582697: aud/usd, 2022-05-24 19:40:25.899547: eur/gbp, 2022-05-24 19:48:17.674695: usd/chf, 2022-05-24 19:55:15.353638: usd/chf, 2022-05-24 20:04:15.544247: usd/chf, 2022-05-24 20:14:23.188855: eur/gbp, 2022-05-24 20:24:18.647717: eur/usd, 2022-05-24 20:31:19.088243: usd/chf, 2022-05-24 20:40:16.690962: aud/usd, 2022-05-24 20:52:18.433164: aud/usd, 2022-05-24 21:02:29.431787: eur/gbp, 2022-05-24 21:09:28.717226: usd/chf, 2022-05-24 21:22:17.398626: aud/usd, 2022-05-24 21:33:13.765950: usd/jpy, 2022-05-24 21:46:15.987349: usd/jpy, 2022-05-24 21:56:12.897978: usd/jpy, 2022-05-24 22:04:14.621881: usd/jpy, 2022-05-24 22:13:15.833421: aud/usd, 2022-05-24 22:23:17.567600: aud/usd, 2022-05-24 22:32:12.674892: eur/usd, 2022-05-24 22:40:16.383775: gbp/usd, 2022-05-24 22:50:12.343879: gbp/usd, 2022-05-24 23:00:18.808186: aud/usd, 2022-05-24 23:10:16.215837: eur/gbp, 2022-05-24 23:18:15.361500: aud/usd, 2022-05-24 23:28:15.396740: aud/usd, 2022-05-24 23:38:14.057414: aud/usd, 2022-05-24 23:47:17.984455: aud/usd, 2022-05-24 23:57:14.213837: aud/usd, 2022-05-25 00:06:15.441720: aud/usd, 2022-05-25 00:14:16.511253: aud/usd, 2022-05-25 00:24:14.967193: gbp/usd, 2022-05-25 00:32:19.117542: aud/usd, 2022-05-25 00:40:14.278403: gbp/usd, 2022-05-25 00:48:17.228863: gbp/usd, 2022-05-25 00:57:16.499201: aud/usd, 2022-05-25 01:07:16.140492: usd/jpy, 2022-05-25 01:21:20.189879: aud/usd, 2022-05-25 01:32:19.149520: usd/jpy, 2022-05-25 01:43:17.591142: usd/chf, 2022-05-25 01:54:17.894291: usd/jpy, 2022-05-25 02:00:20.367682: eur/usd, 2022-05-25 02:07:17.513569: gbp/usd, 2022-05-25 02:15:14.298045: eur/usd, 2022-05-25 02:24:18.914835: usd/chf, 2022-05-25 02:32:16.131554: aud/usd, 2022-05-25 02:41:18.094099: aud/usd, 2022-05-25 02:50:19.996846: eur/gbp, 2022-05-25 03:00:24.190754: eur/gbp, 2022-05-25 03:12:16.636270: eur/usd, 2022-05-25 03:22:18.950144: eur/usd, 2022-05-25 03:32:56.347846: eur/usd, 2022-05-25 03:34:52.865238: eur/gbp, 2022-05-25 03:36:48.698678: eur/usd, 2022-05-25 03:38:27.080631: eur/gbp, 2022-05-25 03:43:23.031899: gbp/usd, 2022-05-25 03:55:13.921722: eur/usd, 2022-05-25 04:01:20.026000: eur/usd, 2022-05-25 04:09:16.238456: eur/usd, 2022-05-25 04:15:17.469464: eur/usd, 2022-05-25 04:22:15.895245: eur/gbp, 2022-05-25 04:35:16.181098: eur/usd, 2022-05-25 04:42:15.123747: eur/gbp, 2022-05-25 04:52:16.817031: eur/usd, 2022-05-25 05:01:17.340815: eur/gbp, 2022-05-25 05:14:16.631567: aud/usd, 2022-05-25 05:26:21.153848: gbp/usd, 2022-05-25 05:34:13.834748: gbp/usd, 2022-05-25 05:45:21.973844: eur/gbp, 2022-05-25 05:56:14.451253: eur/gbp, 2022-05-25 06:04:16.068468: eur/gbp, 2022-05-25 06:15:15.663081: gbp/usd, 2022-05-25 06:27:15.501031: usd/chf, 2022-05-25 06:36:12.355956: eur/gbp, 2022-05-25 06:44:18.868560: aud/usd, 2022-05-25 06:53:13.833843: usd/chf, 2022-05-25 07:04:19.847016: usd/chf, 2022-05-25 07:17:19.516229: aud/usd, 2022-05-25 07:24:28.393215: usd/jpy, 2022-05-25 07:29:27.781365: eur/usd, 2022-05-25 07:32:12.739029: aud/usd, 2022-05-25 07:36:41.536477: eur/gbp, 2022-05-25 07:40:52.660108: gbp/usd, 2022-05-25 07:50:35.726683: eur/usd, 2022-05-25 07:54:23.568557: aud/usd, 2022-05-25 08:03:28.824077: gbp/usd, 2022-05-25 08:06:39.102885: aud/usd, 2022-05-25 08:08:36.234529: usd/chf, 2022-05-25 08:12:31.530976: usd/jpy, 2022-05-25 08:17:46.536419: aud/usd, 2022-05-25 08:28:52.560408: eur/gbp, 2022-05-25 08:30:33.671453: eur/gbp, 2022-05-25 08:35:05.328621: eur/usd, 2022-05-25 08:35:35.533678: usd/jpy, 2022-05-25 08:37:40.446797: usd/chf, 2022-05-25 08:39:24.594283: usd/chf, 2022-05-25 08:51:16.271777: usd/chf, 2022-05-25 09:03:23.735594: eur/gbp, 2022-05-25 09:14:19.448042: eur/usd, 2022-05-27 18:47:14.231589: nzd/usd, 2022-05-27 18:47:50.411483: nzd/usd, 2022-05-27 18:52:26.823728: nzd/usd, 2022-05-27 18:53:03.750705: nzd/usd, 2022-05-27 18:59:00.216585: eur/gbp, 2022-05-27 19:00:04.865413: usd/chf, 2022-05-27 20:07:03.486585: usd/jpy, 2022-05-27 20:15:04.951167: usd/jpy, 2022-05-28 08:38:05.035960: usd/jpy, 2022-05-28 13:11:04.065471: aud/usd, 2022-05-28 13:18:03.984059: eur/gbp, 2022-05-28 13:29:03.095536: usd/jpy, 2022-05-28 13:37:03.980924: aud/usd, 2022-05-28 13:44:02.373135: usd/chf, 2022-05-28 13:52:03.279456: eur/usd, 2022-05-28 14:00:04.281967: usd/jpy, 2022-05-28 14:08:04.148998: usd/jpy, 2022-05-28 14:15:04.650587: usd/chf, 2022-05-28 14:26:02.408509: eur/usd, 2022-05-28 14:33:02.193436: nzd/usd, 2022-05-28 14:40:03.098284: aud/usd, 2022-05-28 14:47:03.288781: aud/usd, 2022-05-28 14:53:03.546650: aud/usd, 2022-05-28 15:02:02.725752: aud/usd, 2022-05-28 15:09:02.368320: aud/usd, 2022-05-28 15:18:02.274973: aud/usd, 2022-05-28 15:25:04.900720: nzd/usd, 2022-05-28 15:33:04.141337: eur/gbp, 2022-05-28 15:42:02.923995: eur/usd, 2022-05-28 15:50:04.632551: nzd/usd, 2022-05-28 15:59:03.665200: nzd/usd, 2022-05-28 16:08:04.969425: usd/jpy, 2022-05-28 16:15:03.267212: usd/chf, 2022-05-28 16:21:02.824262: usd/jpy, 2022-05-28 16:28:03.323765: eur/usd, 2022-05-28 16:37:04.301081: nzd/usd, 2022-05-28 16:45:03.218793: nzd/usd, 2022-05-28 16:54:04.696619: aud/usd, 2022-05-28 17:02:01.788776: eur/usd, 2022-05-28 17:10:03.562091: nzd/usd, 2022-05-28 17:17:04.952944: usd/jpy, 2022-05-28 17:26:02.280899: usd/jpy, 2022-05-28 17:37:02.560257: usd/chf, 2022-05-28 17:46:03.510070: usd/chf, 2022-05-28 17:55:03.362047: usd/chf, 2022-05-28 18:01:01.976838: nzd/usd, 2022-05-28 18:07:03.371436: usd/jpy, 2022-05-28 18:14:02.332945: usd/chf, 2022-05-28 18:24:03.517094: usd/chf, 2022-05-28 18:31:03.021862: nzd/usd, 2022-05-28 18:40:04.340589: aud/usd, 2022-05-28 18:51:03.847131: aud/usd, 2022-05-28 18:58:03.101582: usd/chf, 2022-05-28 19:06:03.296271: nzd/usd, 2022-05-28 19:14:02.676247: eur/usd, 2022-05-28 19:23:02.240016: eur/gbp, 2022-05-28 19:34:03.728099: eur/usd, 2022-05-28 19:43:02.976613: usd/jpy, 2022-05-28 19:53:02.675087: nzd/usd, 2022-05-28 20:00:05.125889: eur/gbp, 2022-05-28 20:11:02.914153: usd/jpy, 2022-05-28 20:22:03.448759: eur/usd, 2022-05-28 20:28:01.645545: eur/usd, 2022-05-28 20:35:03.805050: eur/gbp, 2022-05-28 20:42:02.626849: nzd/usd, 2022-05-28 20:48:02.648121: aud/usd, 2022-05-28 20:55:02.595305: eur/usd, 2022-05-28 21:03:03.150995: usd/jpy, 2022-05-28 21:13:02.477033: eur/gbp, 2022-05-28 21:20:02.040382: nzd/usd, 2022-05-28 21:29:02.788745: eur/gbp, 2022-05-28 21:39:02.149103: eur/gbp, 2022-05-28 21:50:02.270713: nzd/usd, 2022-05-28 21:59:02.486090: nzd/usd, 2022-05-28 22:06:03.465737: eur/usd, 2022-05-28 22:12:03.276080: usd/chf, 2022-05-28 22:20:03.417648: usd/chf, 2022-05-28 22:30:01.495074: usd/jpy, 2022-05-28 22:41:01.618294: usd/chf, 2022-05-28 22:47:03.558007: usd/jpy, 2022-05-28 22:58:01.633895: eur/gbp, 2022-05-28 23:07:05.016432: usd/jpy, 2022-05-28 23:25:02.738307: eur/usd, 2022-05-28 23:36:02.429647: nzd/usd, 2022-05-28 23:44:02.662942: nzd/usd, 2022-05-28 23:53:02.291674: nzd/usd, 2022-05-29 00:02:02.436448: eur/gbp, 2022-05-29 00:11:02.145285: usd/chf, 2022-05-29 00:21:03.464461: aud/usd, 2022-05-29 00:29:02.981394: usd/chf, 2022-05-29 00:37:02.806632: usd/jpy, 2022-05-29 00:46:02.059580: usd/chf, 2022-05-29 00:54:02.277167: aud/usd, 2022-05-29 01:04:02.443079: usd/chf, 2022-05-29 01:12:06.483087: eur/usd, 2022-05-29 01:19:04.180895: usd/chf, 2022-05-29 01:26:02.594104: eur/gbp, 2022-05-29 01:33:03.130710: eur/gbp, 2022-05-29 01:40:02.544503: aud/usd, 2022-05-29 01:47:02.038092: usd/jpy, 2022-05-29 01:56:06.442224: usd/chf, 2022-05-29 02:04:02.353177: eur/gbp, 2022-05-29 02:13:03.033321: nzd/usd, 2022-05-29 02:24:01.631699: usd/chf, 2022-05-29 02:34:02.510570: aud/usd, 2022-05-29 02:41:02.163229: usd/jpy, 2022-05-29 02:51:01.921298: aud/usd, 2022-05-29 02:58:02.649449: eur/gbp, 2022-05-29 03:07:04.477397: usd/jpy, 2022-05-29 03:14:02.446915: usd/chf, 2022-05-29 03:22:01.959287: usd/jpy, 2022-05-29 03:29:02.592356: eur/usd, 2022-05-29 03:40:03.417096: usd/chf, 2022-05-29 03:47:02.626238: usd/chf, 2022-05-29 03:53:02.003737: eur/gbp, 2022-05-29 04:03:02.676248: eur/usd, 2022-05-29 04:12:03.027025: usd/chf, 2022-05-29 04:18:02.590195: usd/jpy, 2022-05-29 04:27:02.224078: usd/chf, 2022-05-29 04:34:02.175592: nzd/usd, 2022-05-29 04:40:02.090510: aud/usd, 2022-05-29 04:59:02.260905: aud/usd, 2022-05-29 05:06:03.246260: usd/jpy, 2022-05-29 05:15:02.875472: eur/gbp, 2022-05-29 05:25:02.622357: aud/usd, 2022-05-29 05:34:03.005615: usd/chf, 2022-05-29 05:42:03.291967: aud/usd, 2022-05-29 05:52:03.248349: eur/gbp, 2022-05-29 06:03:03.539614: usd/chf, 2022-05-29 06:12:02.724370: usd/chf, 2022-05-29 06:14:19.050757: usd/chf, 2022-05-29 06:20:02.727698: usd/chf, 2022-05-29 06:28:03.463596: eur/gbp, 2022-05-29 06:29:10.536766: eur/gbp, 2022-05-29 06:35:01.970092: usd/jpy, 2022-05-29 06:46:01.943432: eur/usd, 2022-05-29 06:56:03.772235: aud/usd, 2022-05-29 06:59:41.501962: aud/usd, 2022-05-29 07:03:01.849072: eur/gbp, 2022-05-29 07:14:02.366872: usd/jpy, 2022-05-29 07:22:08.249247: nzd/usd, 2022-05-29 07:31:02.010042: usd/jpy, 2022-05-29 07:34:28.373027: usd/jpy, 2022-05-29 07:40:03.425588: aud/usd, 2022-05-29 07:48:02.518667: eur/usd, 2022-05-29 07:57:03.891448: eur/usd, 2022-05-29 08:05:03.044490: usd/jpy, 2022-05-29 08:16:03.376859: eur/usd, 2022-05-29 08:22:02.016959: eur/usd, 2022-05-29 09:37:02.218973: nzd/usd, 